codon,frame,num_excess,prop_with_excess,cor_rho,cor_p
all_stops,1,367,0.5288184438040345,-0.29521777540354033,2.6635516653382345e-15
all_stops,2,101,0.14553314121037464,-0.143627788737983,0.00014893082322424094
all_stops,both,124,0.1786743515850144,-0.17844823059924753,2.3276575951965284e-06
TAA,1,296,0.4265129682997118,-0.41675361383859705,0.0
TAC,1,361,0.5201729106628242,0.5723613272262537,0.0
TAG,1,190,0.2737752161383285,-0.3846236832159333,0.0
TAT,1,391,0.5634005763688761,0.4076493945380392,0.0
TGA,1,370,0.5331412103746398,0.03566218921266295,0.34811231659210873
TGC,1,575,0.8285302593659942,0.4646878881490039,0.0
TGG,1,256,0.3688760806916426,-0.4058216505503632,0.0
TGT,1,52,0.07492795389048991,-0.06260675654244371,0.09935524718321194
TAA,2,80,0.11527377521613832,-0.23078095927389977,8.587355173226221e-10
TAC,2,148,0.2132564841498559,-0.4039525847789899,0.0
TAG,2,44,0.06340057636887608,-0.17842101781728176,2.336020342692517e-06
TAT,2,176,0.25360230547550433,-0.4708573991886247,0.0
TGA,2,344,0.4956772334293948,-0.1693362567328524,7.508335399673137e-06
TGC,2,531,0.7651296829971181,0.23327143143451476,5.599598129165058e-10
TGG,2,299,0.430835734870317,-0.2056245014841826,4.949863196994158e-08
TGT,2,362,0.521613832853026,-0.3522982729127899,0.0
TAA,both,98,0.14121037463976946,-0.4266904437451573,0.0
TAC,both,168,0.2420749279538905,-0.11313177385783277,0.0028542586450761823
TAG,both,118,0.17002881844380405,-0.35157498014463157,0.0
TAT,both,186,0.2680115273775216,-0.34278223590520146,0.0
TGA,both,353,0.5086455331412104,-0.09083495582365649,0.016710705396433705
TGC,both,599,0.8631123919308358,0.49821019414865947,0.0
TGG,both,281,0.4048991354466859,-0.4309666559951634,0.0
TGT,both,165,0.2377521613832853,-0.3077517027509771,1.4355680228204788e-16
