codon,frame,num_excess,prop_with_excess,cor_rho,cor_p
all_stops,both,87,0.12536023054755044,-0.44393128485347505,0.0
all_stops,1,272,0.3919308357348703,-0.4433130377317966,0.0
all_stops,2,103,0.1484149855907781,-0.2601801338972985,4.046339807894672e-12
TAA,1,298,0.42939481268011526,-0.44369778625993245,0.0
TAC,1,330,0.4755043227665706,0.5954324889203498,0.0
TAG,1,155,0.22334293948126802,-0.3341049844356709,8.197354191082814e-20
TAT,1,439,0.6325648414985591,0.40317590756916527,0.0
TGA,1,256,0.3688760806916426,-0.134820217481466,0.0003728779363985039
TGC,1,599,0.8631123919308358,0.6246475285058827,0.0
TGG,1,271,0.3904899135446686,-0.36535394611815314,0.0
TGT,1,98,0.14121037463976946,-0.21788306994286302,7.287422658195475e-09
TAA,2,93,0.1340057636887608,-0.3208612630087554,5.154366557871276e-18
TAC,2,146,0.21037463976945245,-0.38861308423226604,0.0
TAG,2,42,0.06051873198847262,-0.13964463445524128,0.00022704258675076787
TAT,2,185,0.2665706051873199,-0.499522905721981,0.0
TGA,2,365,0.5259365994236311,-0.2605355514981704,3.776592955959862e-12
TGC,2,557,0.8025936599423631,0.1778363379134635,2.5228119508428424e-06
TGG,2,271,0.3904899135446686,-0.21384821855453992,1.3862439817631915e-08
TGT,2,384,0.553314121037464,-0.4091923018342689,0.0
TAA,both,118,0.17002881844380405,-0.5082937504930746,0.0
TAC,both,145,0.20893371757925072,-0.06704843543107801,0.07754717237685904
TAG,both,101,0.14553314121037464,-0.2824498109510445,4.3714460177053724e-14
TAT,both,194,0.27953890489913547,-0.38186352448786876,0.0
TGA,both,288,0.414985590778098,-0.3258742667155994,1.2665808552779764e-18
TGC,both,636,0.9164265129682997,0.5888124232452804,0.0
TGG,both,265,0.3818443804034582,-0.4042532178082527,0.0
TGT,both,252,0.3631123919308357,-0.40281255589861725,0.0
