codon,frame,num_excess,prop_with_excess,cor_rho,cor_p
all_stops,1,262,0.37752161383285304,-0.45825465006938265,0.0
all_stops,2,107,0.15417867435158503,-0.2341849264702912,4.781019441734273e-10
all_stops,both,84,0.12103746397694524,-0.4435118202829106,0.0
TAA,1,296,0.4265129682997118,-0.43738736470683476,0.0
TAC,1,366,0.5273775216138329,0.5814216039870674,0.0
TAG,1,157,0.22622478386167147,-0.3219175353979326,3.867977142443839e-18
TAT,1,432,0.622478386167147,0.4039832799354288,0.0
TGA,1,252,0.3631123919308357,-0.16888753303655962,7.941912753838929e-06
TGC,1,596,0.8587896253602305,0.6229729371934916,0.0
TGG,1,269,0.38760806916426516,-0.38278743074629706,0.0
TGT,1,105,0.15129682997118155,-0.1309328464471209,0.0005497324638259612
TAA,2,95,0.13688760806916425,-0.3075820716232882,1.4955251803249568e-16
TAC,2,146,0.21037463976945245,-0.3788925564514891,0.0
TAG,2,43,0.06195965417867435,-0.1510390714338219,6.600418852279499e-05
TAT,2,183,0.26368876080691644,-0.4909018748547701,0.0
TGA,2,361,0.5201729106628242,-0.24899629082242644,3.366782780900278e-11
TGC,2,557,0.8025936599423631,0.18479878921070633,9.933307725226855e-07
TGG,2,265,0.3818443804034582,-0.20857023128082358,3.155893156757968e-08
TGT,2,381,0.5489913544668588,-0.39120102697736264,0.0
TAA,both,116,0.16714697406340057,-0.5130514638403427,0.0
TAC,both,160,0.23054755043227665,-0.051447074684277415,0.1757667543829531
TAG,both,90,0.12968299711815562,-0.2726084052852033,3.406869411552043e-13
TAT,both,194,0.27953890489913547,-0.36399779461583615,0.0
TGA,both,281,0.4048991354466859,-0.33580323435401904,3.8638943038898726e-20
TGC,both,629,0.9063400576368876,0.5952841110471777,0.0
TGG,both,264,0.3804034582132565,-0.41621772307817123,0.0
TGT,both,252,0.3631123919308357,-0.3451390854081957,0.0
